time,p_block_1,p_block_2,p_block_jump,p_jump,p_left,p_right,u_block_1,u_block_2,u_block_jump
1,14455.157239496,8052.379461874,6402.7777776223,14455.157239496,14455.157239496,0,1,0.99999999999999,6.883382752676e-15
