ix, inlet-p
10, 24275.175502633
20, 24637.677752666
40, 24818.928877683
80, 24909.554440192
160, 24954.867221446
320, 24977.523612073
640, 24988.851807386