ix, inlet-p
10, 24869.113524202
20, 24955.247240886
40, 24983.848496863
80, 24993.697599026
160, 24997.380384477
320, 24998.893325313
640, 24999.565298494