time,p_block_1,p_block_2,p_block_jump,p_jump,p_left,p_right,u_block_1,u_block_2,u_block_jump
1,14483.758495478,8031.5526132803,6452.2058821975,14483.758495478,14483.758495478,0,1,1,2.2204460492503e-16
