ix, inlet-p
20, 14137.587751316
40, 14318.838876333
80, 14409.464438842
160, 14454.777220096
320, 14477.433610723