ix, inlet-p
20, 14455.157239495
40, 14483.758495478
80, 14493.607597637
160, 14497.290383087
320, 14498.803323922