time,p_block_1,p_jump,p_left,p_right,u_block_1
1,5499999.9999801,-1.9961968064308e-05,5499999.99998,5500000,1.5384977832218
