time,p_block_1,p_jump,p_left,p_right,u_block_1
1,5499999.9999801,-2.0017847418785e-05,5499999.99998,5500000,0.99999999999988
