time,p_block_1,p_jump,p_left,p_right,u_block_1
1,999999.99999647,-3.6249402910471e-06,999999.99999637,1000000,1.0000000000002
