time,bottom_v_avg,desired_mfr,inlet_mfr,outlet_mfr,p_bottom,p_max,p_min,p_top,top_v_avg,u_max,u_min,v_max,v_min
1,-1.5384977832218,6960,-6960,6960.0000000005,5500000,5499999.99998,5499999.99998,5499999.99998,-1.5384977832217,9.3662819347177e-14,-8.6640230240001e-14,-1.5384977832215,-1.5384977832221
