time,bottom_v_avg,desired_mfr,inlet_mfr,outlet_mfr,pressure_drop,top_v_avg,u_max,u_min,v_max,v_min
1,-1.5419104010113,60,-15.91549430919,15.915494309002,34799.158267718,-1.5419104009976,8.9568676502625e-07,-8.9567041095343e-07,-1.5419096795479,-1.5419118250867
