time,bottom_v_avg,desired_mfr,inlet_mfr,outlet_mfr,p_bottom,p_max,p_min,p_top,top_v_avg,u_max,u_min,v_max,v_min
1,-1.5384977832217,6960,-6960,6959.9999999999,5500000,5499999.99998,5499999.99998,5499999.99998,-1.5384977832217,1.3543607734762e-13,-9.6537739711679e-14,-1.5384977832214,-1.538497783222
