time,bottom_v_avg,desired_mfr,inlet_mfr,outlet_mfr,p_bottom,p_max,p_min,p_top,top_v_avg,u_max,u_min,v_max,v_min
1,-1.5384977832218,6960,-1846.197339866,1846.1973398662,5500000,5499999.99998,5499999.99998,5499999.99998,-1.5384977832217,7.9796088303076e-14,-1.143390782311e-13,-1.5384977832213,-1.5384977832222
